url_used_by_site,archived_from,archived_file,bytes
https://aak.or.ke/wp-content/uploads/2021/08/AAK-BUILD-TOUR-66-1200x800-600x400-1.jpg,https://aak.or.ke/wp-content/uploads/2021/08/AAK-BUILD-TOUR-66-1200x800-600x400-1.jpg,media-archive/aak.or.ke/wp-content/uploads/2021/08/AAK-BUILD-TOUR-66-1200x800-600x400-1.jpg,90038
https://aak.or.ke/wp-content/uploads/2021/08/AAK-Caps.png,https://aak.or.ke/wp-content/uploads/2021/08/AAK-Caps.png,media-archive/aak.or.ke/wp-content/uploads/2021/08/AAK-Caps.png,94863
https://aak.or.ke/wp-content/uploads/2021/08/AAK-Interim-Certificate.jpg,https://aak.or.ke/wp-content/uploads/2021/08/AAK-Interim-Certificate.jpg,media-archive/aak.or.ke/wp-content/uploads/2021/08/AAK-Interim-Certificate.jpg,49714
https://aak.or.ke/wp-content/uploads/2021/08/Certificate-of-Good-Making-1.jpg,https://aak.or.ke/wp-content/uploads/2021/08/Certificate-of-Good-Making-1.jpg,media-archive/aak.or.ke/wp-content/uploads/2021/08/Certificate-of-Good-Making-1.jpg,186335
https://aak.or.ke/wp-content/uploads/2021/08/Certificate-of-Practical-Completion.jpg,https://aak.or.ke/wp-content/uploads/2021/08/Certificate-of-Practical-Completion.jpg,media-archive/aak.or.ke/wp-content/uploads/2021/08/Certificate-of-Practical-Completion.jpg,194429
https://aak.or.ke/wp-content/uploads/2021/08/Joint-Building-Council-Contract-Book-Green-Book-e1551606319777.jpg,https://aak.or.ke/wp-content/uploads/2021/08/Joint-Building-Council-Contract-Book-Green-Book-e1551606319777.jpg,media-archive/aak.or.ke/wp-content/uploads/2021/08/Joint-Building-Council-Contract-Book-Green-Book-e1551606319777.jpg,47491
https://aak.or.ke/wp-content/uploads/2021/08/Standard-Method-of-Measurement-SMM.jpg,https://aak.or.ke/wp-content/uploads/2021/08/Standard-Method-of-Measurement-SMM.jpg,media-archive/aak.or.ke/wp-content/uploads/2021/08/Standard-Method-of-Measurement-SMM.jpg,53773
https://aak.or.ke/wp-content/uploads/2023/06/branded-aak-cups.png,https://aak.or.ke/wp-content/uploads/2023/06/branded-aak-cups.png,media-archive/aak.or.ke/wp-content/uploads/2023/06/branded-aak-cups.png,48873
https://aak.or.ke/wp-content/uploads/2025/05/0Q9A0926-1200x800.jpg,https://aak.or.ke/wp-content/uploads/2025/05/0Q9A0926.jpg,media-archive/aak.or.ke/wp-content/uploads/2025/05/0Q9A0926.jpg,1876786
https://aak.or.ke/wp-content/uploads/2025/06/1H5A2307-1200x800.jpg,https://aak.or.ke/wp-content/uploads/2025/06/1H5A2307.jpg,media-archive/aak.or.ke/wp-content/uploads/2025/06/1H5A2307.jpg,442449
https://aak.or.ke/wp-content/uploads/2026/02/AAK-CSR-133-of-151-1200x800-600x400-1.jpg,https://aak.or.ke/wp-content/uploads/2026/02/AAK-CSR-133-of-151-1200x800-600x400-1.jpg,media-archive/aak.or.ke/wp-content/uploads/2026/02/AAK-CSR-133-of-151-1200x800-600x400-1.jpg,127636
https://aak.or.ke/wp-content/uploads/2026/02/Artisans-and-contractors-training.jpeg,https://aak.or.ke/wp-content/uploads/2026/02/Artisans-and-contractors-training.jpeg,media-archive/aak.or.ke/wp-content/uploads/2026/02/Artisans-and-contractors-training.jpeg,270117
https://aak.or.ke/wp-content/uploads/2026/02/Building-a-healthy-home-in-Homabay.webp,https://aak.or.ke/wp-content/uploads/2026/02/Building-a-healthy-home-in-Homabay.webp,media-archive/aak.or.ke/wp-content/uploads/2026/02/Building-a-healthy-home-in-Homabay.webp,243464
https://aak.or.ke/wp-content/uploads/2026/02/Kamulu-MM-10-HP-HP-HP-HP-HP.jpg,https://aak.or.ke/wp-content/uploads/2026/02/Kamulu-MM-10-HP-HP-HP-HP-HP.jpg,media-archive/aak.or.ke/wp-content/uploads/2026/02/Kamulu-MM-10-HP-HP-HP-HP-HP.jpg,180106
https://aak.or.ke/wp-content/uploads/2026/02/Launch-of-HHGC-scaled.webp,https://aak.or.ke/wp-content/uploads/2026/02/Launch-of-HHGC.webp,media-archive/aak.or.ke/wp-content/uploads/2026/02/Launch-of-HHGC.webp,5220406
https://aak.or.ke/wp-content/uploads/2026/02/Radio-Citizen-pic-scaled.jpeg,https://aak.or.ke/wp-content/uploads/2026/02/Radio-Citizen-pic.jpeg,media-archive/aak.or.ke/wp-content/uploads/2026/02/Radio-Citizen-pic.jpeg,773360
https://aak.or.ke/wp-content/uploads/2026/02/Uthiru-collapse.jpeg,https://aak.or.ke/wp-content/uploads/2026/02/Uthiru-collapse.jpeg,media-archive/aak.or.ke/wp-content/uploads/2026/02/Uthiru-collapse.jpeg,1027658
https://aak.or.ke/wp-content/uploads/2026/02/WHD18.webp,https://aak.or.ke/wp-content/uploads/2026/02/WHD18.webp,media-archive/aak.or.ke/wp-content/uploads/2026/02/WHD18.webp,155792
https://aak.or.ke/wp-content/uploads/2026/03/CPM.jpeg,https://aak.or.ke/wp-content/uploads/2026/03/CPM.jpeg,media-archive/aak.or.ke/wp-content/uploads/2026/03/CPM.jpeg,506692
https://aak.or.ke/wp-content/uploads/2026/03/EDC.JPG-scaled.jpeg,https://aak.or.ke/wp-content/uploads/2026/03/EDC.JPG.jpeg,media-archive/aak.or.ke/wp-content/uploads/2026/03/EDC.JPG.jpeg,18010466
https://aak.or.ke/wp-content/uploads/2026/03/Eng.png,https://aak.or.ke/wp-content/uploads/2026/03/Eng.png,media-archive/aak.or.ke/wp-content/uploads/2026/03/Eng.png,1496694
https://aak.or.ke/wp-content/uploads/2026/03/Interior-design-scaled.webp,https://aak.or.ke/wp-content/uploads/2026/03/Interior-design.webp,media-archive/aak.or.ke/wp-content/uploads/2026/03/Interior-design.webp,8910070
https://aak.or.ke/wp-content/uploads/2026/03/Landscape.jpeg,https://aak.or.ke/wp-content/uploads/2026/03/Landscape.jpeg,media-archive/aak.or.ke/wp-content/uploads/2026/03/Landscape.jpeg,725878
https://aak.or.ke/wp-content/uploads/2026/03/QS.png,https://aak.or.ke/wp-content/uploads/2026/03/QS.png,media-archive/aak.or.ke/wp-content/uploads/2026/03/QS.png,1948685
https://aak.or.ke/wp-content/uploads/2026/03/TPC.jpg-scaled.jpeg,https://aak.or.ke/wp-content/uploads/2026/03/TPC.jpg.jpeg,media-archive/aak.or.ke/wp-content/uploads/2026/03/TPC.jpg.jpeg,7770212
https://aak.or.ke/wp-content/uploads/2026/03/arch-scaled.webp,https://aak.or.ke/wp-content/uploads/2026/03/arch.webp,media-archive/aak.or.ke/wp-content/uploads/2026/03/arch.webp,7371962
https://aak.or.ke/wp-content/uploads/2026/06/Screenshot-2026-05-06-131531.png,https://aak.or.ke/wp-content/uploads/2026/06/Screenshot-2026-05-06-131531.png,media-archive/aak.or.ke/wp-content/uploads/2026/06/Screenshot-2026-05-06-131531.png,558685
https://aak.or.ke/wp-content/uploads/2026/06/Screenshot-2026-05-06-142005.png,https://aak.or.ke/wp-content/uploads/2026/06/Screenshot-2026-05-06-142005.png,media-archive/aak.or.ke/wp-content/uploads/2026/06/Screenshot-2026-05-06-142005.png,224503
https://aak.or.ke/wp-content/uploads/2026/06/Screenshot-2026-05-06-152302.png,https://aak.or.ke/wp-content/uploads/2026/06/Screenshot-2026-05-06-152302.png,media-archive/aak.or.ke/wp-content/uploads/2026/06/Screenshot-2026-05-06-152302.png,373942
https://aak.or.ke/wp-content/uploads/2026/06/Screenshot-2026-05-06-170210.png,https://aak.or.ke/wp-content/uploads/2026/06/Screenshot-2026-05-06-170210.png,media-archive/aak.or.ke/wp-content/uploads/2026/06/Screenshot-2026-05-06-170210.png,118610
https://aak.or.ke/wp-content/uploads/2026/06/Screenshot-2026-05-07-091425.png,https://aak.or.ke/wp-content/uploads/2026/06/Screenshot-2026-05-07-091425.png,media-archive/aak.or.ke/wp-content/uploads/2026/06/Screenshot-2026-05-07-091425.png,365846
https://aak.or.ke/wp-content/uploads/2026/06/Screenshot-2026-06-08-132017-e1780914111723.png,https://aak.or.ke/wp-content/uploads/2026/06/Screenshot-2026-06-08-132017-e1780914111723.png,media-archive/aak.or.ke/wp-content/uploads/2026/06/Screenshot-2026-06-08-132017-e1780914111723.png,181806
https://aak.or.ke/wp-content/uploads/2026/06/Screenshot-2026-06-08-133208.png,https://aak.or.ke/wp-content/uploads/2026/06/Screenshot-2026-06-08-133208.png,media-archive/aak.or.ke/wp-content/uploads/2026/06/Screenshot-2026-06-08-133208.png,766023
https://aak.or.ke/wp-content/uploads/2026/06/Screenshot-2026-06-08-150532.png,https://aak.or.ke/wp-content/uploads/2026/06/Screenshot-2026-06-08-150532.png,media-archive/aak.or.ke/wp-content/uploads/2026/06/Screenshot-2026-06-08-150532.png,724952
https://aak.or.ke/wp-content/uploads/2026/06/Screenshot-2026-06-08-152537.png,https://aak.or.ke/wp-content/uploads/2026/06/Screenshot-2026-06-08-152537.png,media-archive/aak.or.ke/wp-content/uploads/2026/06/Screenshot-2026-06-08-152537.png,557770
https://aak.or.ke/wp-content/uploads/2026/06/Screenshot-2026-06-08-153946.png,https://aak.or.ke/wp-content/uploads/2026/06/Screenshot-2026-06-08-153946.png,media-archive/aak.or.ke/wp-content/uploads/2026/06/Screenshot-2026-06-08-153946.png,649542
https://aak.or.ke/wp-content/uploads/2026/06/Screenshot-2026-06-08-161321.png,https://aak.or.ke/wp-content/uploads/2026/06/Screenshot-2026-06-08-161321.png,media-archive/aak.or.ke/wp-content/uploads/2026/06/Screenshot-2026-06-08-161321.png,890002
https://aak.or.ke/wp-content/uploads/2026/06/Screenshot-2026-06-08-163554.png,https://aak.or.ke/wp-content/uploads/2026/06/Screenshot-2026-06-08-163554.png,media-archive/aak.or.ke/wp-content/uploads/2026/06/Screenshot-2026-06-08-163554.png,713717
https://aak.or.ke/wp-content/uploads/2026/06/Screenshot-2026-06-08-164317.png,https://aak.or.ke/wp-content/uploads/2026/06/Screenshot-2026-06-08-164317.png,media-archive/aak.or.ke/wp-content/uploads/2026/06/Screenshot-2026-06-08-164317.png,776438
https://aak.or.ke/wp-content/uploads/2026/06/Screenshot-2026-06-08-164835.png,https://aak.or.ke/wp-content/uploads/2026/06/Screenshot-2026-06-08-164835.png,media-archive/aak.or.ke/wp-content/uploads/2026/06/Screenshot-2026-06-08-164835.png,447530
https://aak.or.ke/wp-content/uploads/2026/01/AAK-DURACOAT-AWARDS-OF-EXCELLENCE-2026-1-scaled.webp,https://aak.or.ke/wp-content/uploads/2026/01/AAK-DURACOAT-AWARDS-OF-EXCELLENCE-2026-1.webp,media-archive/aak.or.ke/wp-content/uploads/2026/01/AAK-DURACOAT-AWARDS-OF-EXCELLENCE-2026-1.webp,84466
https://www.biennale.aak.or.ke/assets/images/carousel/carousel_1.webp,https://www.biennale.aak.or.ke/assets/images/carousel/carousel_1.webp,media-archive/biennale.aak.or.ke/assets/images/carousel/carousel_1.webp,230288
/documents/KIGANDANI-INDUSTRIAL-HUB-PROJECT.pdf,https://aak.or.ke/wp-content/uploads/2026/05/KIGANDANI-INDUSTRIAL-HUB-PROJECT.pdf,media-archive/aak.or.ke/wp-content/uploads/2026/05/KIGANDANI-INDUSTRIAL-HUB-PROJECT.pdf,48052693
